country,revenue
Australia,3646444.350982666
UK,3365388.903178215
India,3343730.8238010406
USA,3313858.0892944336
Canada,3078495.6430358887
"New Zealand",3043654.0330057144
