month,revenue
1,2868712.5863189697
2,2232096.899105072
3,2404769.2950315475
4,2161927.2156438828
5,2415750.5710601807
6,2773931.9335403442
7,2567532.2861938477
8,2366851.056404114
