sales_person,revenue
"Ches Bonnell",1022599.956817627
"Oby Sorrel",1017204.1188621521
"Madelene Upcott",1010028.7161865234
"Kelci Walkden",1002929.0991287231
"Brien Boise",997326.476638794
"Van Tuxwell",974425.0891571045
"Dennison Crosswaite",931849.5679931641
"Beverie Moffet",892421.3705062866
"Kaine Padly",849062.7589159012
"Marney O'Breen",836427.6307373047
